resource_id,key,value
/subscriptions/00000000-0000-0000-0000-000444400005/resourceGroups/clo-rg/providers/Microsoft.Compute/virtualMachines/clo-test-test-v-gcfc,name,CloudExpansionMediaServices-VirtualMachines
/subscriptions/00000000-0000-0000-0000-000444400005/resourceGroups/clo-rg/providers/Microsoft.Compute/virtualMachines/clo-test-test-v-gcfc,project,CloudExpansionMediaServices
/subscriptions/00000000-0000-0000-0000-000444400005/resourceGroups/clo-rg/providers/Microsoft.Compute/virtualMachines/clo-test-test-v-gcfc,business-unit,Media
/subscriptions/00000000-0000-0000-0000-000444400005/resourceGroups/clo-rg/providers/Microsoft.Compute/virtualMachines/clo-test-test-v-gcfc,environment,production
/subscriptions/00000000-0000-0000-0000-000444400005/resourceGroups/clo-rg/providers/Microsoft.Compute/virtualMachines/clo-test-test-v-gcfc,cost-center,Media-7268
/subscriptions/00000000-0000-0000-0000-000444400005/resourceGroups/clo-rg/providers/Microsoft.Compute/virtualMachines/clo-test-test-v-gcfc,use-case,Enterprise Applications
/subscriptions/00000000-0000-0000-0000-000444400005/resourceGroups/clo-rg/providers/Microsoft.Compute/virtualMachines/clo-test-test-v-gcfc,requestor,john.doe@example.com
/subscriptions/00000000-0000-0000-0000-000444400005/resourceGroups/clo-rg/providers/Microsoft.Compute/virtualMachines/clo-test-test-v-gcfc,compliance-hipaa,not-required
/subscriptions/00000000-0000-0000-0000-000444400005/resourceGroups/clo-rg/providers/Microsoft.Compute/virtualMachines/clo-test-test-v-gcfc,security-level,critical
/subscriptions/00000000-0000-0000-0000-000444400005/resourceGroups/clo-rg/providers/Microsoft.Compute/virtualMachines/clo-test-test-v-gcfc,iac,true
/subscriptions/00000000-0000-0000-0000-000444400005/resourceGroups/clo-rg/providers/Microsoft.Compute/virtualMachines/clo-test-test-v-gcfc,managed-by,manual
/subscriptions/00000000-0000-0000-0000-000444400005/resourceGroups/clo-rg/providers/Microsoft.Compute/virtualMachines/clo-test-test-v-gcfc,allow-spot,true
/subscriptions/00000000-0000-0000-0000-000444400005/resourceGroups/clo-rg/providers/Microsoft.Compute/virtualMachines/clo-test-test-v-gcfc,patch-group,critical
/subscriptions/00000000-0000-0000-0000-000444400005/resourceGroups/clo-rg/providers/Microsoft.Compute/virtualMachines/clo-test-test-v-gcfc,vm-size,Standard_NC12s_v3
/subscriptions/00000000-0000-0000-0000-000444400005/resourceGroups/clo-rg/providers/Microsoft.Compute/virtualMachines/clo-test-test-v-gcfc,image,ubuntu-20.04
/subscriptions/00000000-0000-0000-0000-000444400005/resourceGroups/clo-rg/providers/Microsoft.Compute/virtualMachines/clo-test-test-v-gcfc,auto-shutdown,weekends
/subscriptions/00000000-0000-0000-0000-000444400005/resourceGroups/clo-rg/providers/Microsoft.Compute/virtualMachines/clo-test-test-v-gcfc,service-tier,virtualmachines-premium
/subscriptions/00000000-0000-0000-0000-000444400005/resourceGroups/clo-rg/providers/Microsoft.Compute/virtualMachines/clo-test-test-v-gcfc,team,security
/subscriptions/00000000-0000-0000-0000-000444400005/resourceGroups/clo-rg/providers/Microsoft.Compute/virtualMachines/clo-test-test-v-gcfc,cost-allocation,direct
/subscriptions/00000000-0000-0000-0000-000444400005/resourceGroups/clo-rg/providers/Microsoft.Compute/virtualMachines/clo-test-test-v-gcfc,chargeback-entity,Media
/subscriptions/00000000-0000-0000-0000-000444400005/resourceGroups/clo-rg/providers/Microsoft.Compute/virtualMachines/clo-test-test-v-gcfc,showback-category,production
/subscriptions/00000000-0000-0000-0000-000444400005/resourceGroups/clo-rg/providers/Microsoft.Compute/virtualMachines/clo-batch-test-b-gcfc,name,CloudExpansionMediaServices-VirtualMachines
/subscriptions/00000000-0000-0000-0000-000444400005/resourceGroups/clo-rg/providers/Microsoft.Compute/virtualMachines/clo-batch-test-b-gcfc,project,CloudExpansionMediaServices
/subscriptions/00000000-0000-0000-0000-000444400005/resourceGroups/clo-rg/providers/Microsoft.Compute/virtualMachines/clo-batch-test-b-gcfc,business-unit,Media
/subscriptions/00000000-0000-0000-0000-000444400005/resourceGroups/clo-rg/providers/Microsoft.Compute/virtualMachines/clo-batch-test-b-gcfc,environment,production
/subscriptions/00000000-0000-0000-0000-000444400005/resourceGroups/clo-rg/providers/Microsoft.Compute/virtualMachines/clo-batch-test-b-gcfc,cost-center,Media-8487
/subscriptions/00000000-0000-0000-0000-000444400005/resourceGroups/clo-rg/providers/Microsoft.Compute/virtualMachines/clo-batch-test-b-gcfc,use-case,Enterprise Applications
/subscriptions/00000000-0000-0000-0000-000444400005/resourceGroups/clo-rg/providers/Microsoft.Compute/virtualMachines/clo-batch-test-b-gcfc,department,operations
/subscriptions/00000000-0000-0000-0000-000444400005/resourceGroups/clo-rg/providers/Microsoft.Compute/virtualMachines/clo-batch-test-b-gcfc,compliance-pci,in-scope
/subscriptions/00000000-0000-0000-0000-000444400005/resourceGroups/clo-rg/providers/Microsoft.Compute/virtualMachines/clo-batch-test-b-gcfc,security-level,high
/subscriptions/00000000-0000-0000-0000-000444400005/resourceGroups/clo-rg/providers/Microsoft.Compute/virtualMachines/clo-batch-test-b-gcfc,iac,true
/subscriptions/00000000-0000-0000-0000-000444400005/resourceGroups/clo-rg/providers/Microsoft.Compute/virtualMachines/clo-batch-test-b-gcfc,auto-scaling,disabled
/subscriptions/00000000-0000-0000-0000-000444400005/resourceGroups/clo-rg/providers/Microsoft.Compute/virtualMachines/clo-batch-test-b-gcfc,scheduled-downtime,custom
/subscriptions/00000000-0000-0000-0000-000444400005/resourceGroups/clo-rg/providers/Microsoft.Compute/virtualMachines/clo-batch-test-b-gcfc,image,centos-7
/subscriptions/00000000-0000-0000-0000-000444400005/resourceGroups/clo-rg/providers/Microsoft.Compute/virtualMachines/clo-batch-test-b-gcfc,patch-group,critical
/subscriptions/00000000-0000-0000-0000-000444400005/resourceGroups/clo-rg/providers/Microsoft.Compute/virtualMachines/clo-batch-test-b-gcfc,vm-size,Standard_B8ms
/subscriptions/00000000-0000-0000-0000-000444400005/resourceGroups/clo-rg/providers/Microsoft.Compute/virtualMachines/clo-batch-test-b-gcfc,auto-shutdown,false
/subscriptions/00000000-0000-0000-0000-000444400005/resourceGroups/clo-rg/providers/Microsoft.Compute/virtualMachines/clo-batch-test-b-gcfc,cost-allocation,direct
/subscriptions/00000000-0000-0000-0000-000444400005/resourceGroups/clo-rg/providers/Microsoft.Compute/virtualMachines/clo-batch-test-b-gcfc,chargeback-entity,Media
/subscriptions/00000000-0000-0000-0000-000444400005/resourceGroups/clo-rg/providers/Microsoft.Compute/virtualMachines/clo-batch-test-b-gcfc,showback-category,production
/subscriptions/00000000-0000-0000-0000-000444400005/resourceGroups/clo-rg/providers/Microsoft.Compute/virtualMachines/clo-api-test-b-gcfc,name,CloudExpansionMediaServices-VirtualMachines
/subscriptions/00000000-0000-0000-0000-000444400005/resourceGroups/clo-rg/providers/Microsoft.Compute/virtualMachines/clo-api-test-b-gcfc,project,CloudExpansionMediaServices
/subscriptions/00000000-0000-0000-0000-000444400005/resourceGroups/clo-rg/providers/Microsoft.Compute/virtualMachines/clo-api-test-b-gcfc,business-unit,Media
/subscriptions/00000000-0000-0000-0000-000444400005/resourceGroups/clo-rg/providers/Microsoft.Compute/virtualMachines/clo-api-test-b-gcfc,environment,production
/subscriptions/00000000-0000-0000-0000-000444400005/resourceGroups/clo-rg/providers/Microsoft.Compute/virtualMachines/clo-api-test-b-gcfc,cost-center,Media-4179
/subscriptions/00000000-0000-0000-0000-000444400005/resourceGroups/clo-rg/providers/Microsoft.Compute/virtualMachines/clo-api-test-b-gcfc,use-case,Enterprise Applications
/subscriptions/00000000-0000-0000-0000-000444400005/resourceGroups/clo-rg/providers/Microsoft.Compute/virtualMachines/clo-api-test-b-gcfc,backup-frequency,hourly
/subscriptions/00000000-0000-0000-0000-000444400005/resourceGroups/clo-rg/providers/Microsoft.Compute/virtualMachines/clo-api-test-b-gcfc,compliance-pci,in-scope
/subscriptions/00000000-0000-0000-0000-000444400005/resourceGroups/clo-rg/providers/Microsoft.Compute/virtualMachines/clo-api-test-b-gcfc,compliance-hipaa,required
/subscriptions/00000000-0000-0000-0000-000444400005/resourceGroups/clo-rg/providers/Microsoft.Compute/virtualMachines/clo-api-test-b-gcfc,compliance-sox,in-scope
/subscriptions/00000000-0000-0000-0000-000444400005/resourceGroups/clo-rg/providers/Microsoft.Compute/virtualMachines/clo-api-test-b-gcfc,iac,true
/subscriptions/00000000-0000-0000-0000-000444400005/resourceGroups/clo-rg/providers/Microsoft.Compute/virtualMachines/clo-api-test-b-gcfc,created-by,arm-template
/subscriptions/00000000-0000-0000-0000-000444400005/resourceGroups/clo-rg/providers/Microsoft.Compute/virtualMachines/clo-api-test-b-gcfc,budget-alert,low
/subscriptions/00000000-0000-0000-0000-000444400005/resourceGroups/clo-rg/providers/Microsoft.Compute/virtualMachines/clo-api-test-b-gcfc,optimization-priority,balanced
/subscriptions/00000000-0000-0000-0000-000444400005/resourceGroups/clo-rg/providers/Microsoft.Compute/virtualMachines/clo-api-test-b-gcfc,image,debian-10
/subscriptions/00000000-0000-0000-0000-000444400005/resourceGroups/clo-rg/providers/Microsoft.Compute/virtualMachines/clo-api-test-b-gcfc,patch-group,standard
/subscriptions/00000000-0000-0000-0000-000444400005/resourceGroups/clo-rg/providers/Microsoft.Compute/virtualMachines/clo-api-test-b-gcfc,service-tier,virtualmachines-enterprise
/subscriptions/00000000-0000-0000-0000-000444400005/resourceGroups/clo-rg/providers/Microsoft.Compute/virtualMachines/clo-api-test-b-gcfc,cost-allocation,direct
/subscriptions/00000000-0000-0000-0000-000444400005/resourceGroups/clo-rg/providers/Microsoft.Compute/virtualMachines/clo-api-test-b-gcfc,chargeback-entity,Media
/subscriptions/00000000-0000-0000-0000-000444400005/resourceGroups/clo-rg/providers/Microsoft.Compute/virtualMachines/clo-api-test-b-gcfc,showback-category,production
/subscriptions/00000000-0000-0000-0000-000444400005/resourceGroups/clologst0b5a5ir-rg/providers/Microsoft.Storage/storageAccounts/clologst0b5a5ir,name,CloudExpansionMediaServices-BlobStorage
/subscriptions/00000000-0000-0000-0000-000444400005/resourceGroups/clologst0b5a5ir-rg/providers/Microsoft.Storage/storageAccounts/clologst0b5a5ir,project,CloudExpansionMediaServices
/subscriptions/00000000-0000-0000-0000-000444400005/resourceGroups/clologst0b5a5ir-rg/providers/Microsoft.Storage/storageAccounts/clologst0b5a5ir,business-unit,Media
/subscriptions/00000000-0000-0000-0000-000444400005/resourceGroups/clologst0b5a5ir-rg/providers/Microsoft.Storage/storageAccounts/clologst0b5a5ir,environment,production
/subscriptions/00000000-0000-0000-0000-000444400005/resourceGroups/clologst0b5a5ir-rg/providers/Microsoft.Storage/storageAccounts/clologst0b5a5ir,cost-center,Media-9760
/subscriptions/00000000-0000-0000-0000-000444400005/resourceGroups/clologst0b5a5ir-rg/providers/Microsoft.Storage/storageAccounts/clologst0b5a5ir,use-case,Enterprise Applications
/subscriptions/00000000-0000-0000-0000-000444400005/resourceGroups/clologst0b5a5ir-rg/providers/Microsoft.Storage/storageAccounts/clologst0b5a5ir,data-classification,public
/subscriptions/00000000-0000-0000-0000-000444400005/resourceGroups/clologst0b5a5ir-rg/providers/Microsoft.Storage/storageAccounts/clologst0b5a5ir,owner,john.doe@example.com
/subscriptions/00000000-0000-0000-0000-000444400005/resourceGroups/clologst0b5a5ir-rg/providers/Microsoft.Storage/storageAccounts/clologst0b5a5ir,compliance-pci,out-of-scope
/subscriptions/00000000-0000-0000-0000-000444400005/resourceGroups/clologst0b5a5ir-rg/providers/Microsoft.Storage/storageAccounts/clologst0b5a5ir,compliance-sox,out-of-scope
/subscriptions/00000000-0000-0000-0000-000444400005/resourceGroups/clologst0b5a5ir-rg/providers/Microsoft.Storage/storageAccounts/clologst0b5a5ir,security-level,critical
/subscriptions/00000000-0000-0000-0000-000444400005/resourceGroups/clologst0b5a5ir-rg/providers/Microsoft.Storage/storageAccounts/clologst0b5a5ir,compliance-hipaa,required
/subscriptions/00000000-0000-0000-0000-000444400005/resourceGroups/clologst0b5a5ir-rg/providers/Microsoft.Storage/storageAccounts/clologst0b5a5ir,iac,true
/subscriptions/00000000-0000-0000-0000-000444400005/resourceGroups/clologst0b5a5ir-rg/providers/Microsoft.Storage/storageAccounts/clologst0b5a5ir,deployment-group,canary
/subscriptions/00000000-0000-0000-0000-000444400005/resourceGroups/clologst0b5a5ir-rg/providers/Microsoft.Storage/storageAccounts/clologst0b5a5ir,optimization-priority,cost
/subscriptions/00000000-0000-0000-0000-000444400005/resourceGroups/clologst0b5a5ir-rg/providers/Microsoft.Storage/storageAccounts/clologst0b5a5ir,encryption,customer-managed
/subscriptions/00000000-0000-0000-0000-000444400005/resourceGroups/clologst0b5a5ir-rg/providers/Microsoft.Storage/storageAccounts/clologst0b5a5ir,lifecycle-policy,compliance-7-years
/subscriptions/00000000-0000-0000-0000-000444400005/resourceGroups/clologst0b5a5ir-rg/providers/Microsoft.Storage/storageAccounts/clologst0b5a5ir,service-tier,blobstorage-premium
/subscriptions/00000000-0000-0000-0000-000444400005/resourceGroups/clologst0b5a5ir-rg/providers/Microsoft.Storage/storageAccounts/clologst0b5a5ir,team,infrastructure
/subscriptions/00000000-0000-0000-0000-000444400005/resourceGroups/clologst0b5a5ir-rg/providers/Microsoft.Storage/storageAccounts/clologst0b5a5ir,cost-allocation,shared
/subscriptions/00000000-0000-0000-0000-000444400005/resourceGroups/clologst0b5a5ir-rg/providers/Microsoft.Storage/storageAccounts/clologst0b5a5ir,allocation-method,direct
/subscriptions/00000000-0000-0000-0000-000444400005/resourceGroups/clologst0b5a5ir-rg/providers/Microsoft.Storage/storageAccounts/clologst0b5a5ir,chargeback-entity,Media
/subscriptions/00000000-0000-0000-0000-000444400005/resourceGroups/clologst0b5a5ir-rg/providers/Microsoft.Storage/storageAccounts/clologst0b5a5ir,showback-category,production
/subscriptions/00000000-0000-0000-0000-000444400005/resourceGroups/clobackupt0b5a5ir-rg/providers/Microsoft.Storage/storageAccounts/clobackupt0b5a5ir,name,CloudExpansionMediaServices-BlobStorage
/subscriptions/00000000-0000-0000-0000-000444400005/resourceGroups/clobackupt0b5a5ir-rg/providers/Microsoft.Storage/storageAccounts/clobackupt0b5a5ir,project,CloudExpansionMediaServices
/subscriptions/00000000-0000-0000-0000-000444400005/resourceGroups/clobackupt0b5a5ir-rg/providers/Microsoft.Storage/storageAccounts/clobackupt0b5a5ir,business-unit,Media
/subscriptions/00000000-0000-0000-0000-000444400005/resourceGroups/clobackupt0b5a5ir-rg/providers/Microsoft.Storage/storageAccounts/clobackupt0b5a5ir,environment,production
/subscriptions/00000000-0000-0000-0000-000444400005/resourceGroups/clobackupt0b5a5ir-rg/providers/Microsoft.Storage/storageAccounts/clobackupt0b5a5ir,cost-center,Media-5371
/subscriptions/00000000-0000-0000-0000-000444400005/resourceGroups/clobackupt0b5a5ir-rg/providers/Microsoft.Storage/storageAccounts/clobackupt0b5a5ir,use-case,Enterprise Applications
/subscriptions/00000000-0000-0000-0000-000444400005/resourceGroups/clobackupt0b5a5ir-rg/providers/Microsoft.Storage/storageAccounts/clobackupt0b5a5ir,backup-frequency,hourly
/subscriptions/00000000-0000-0000-0000-000444400005/resourceGroups/clobackupt0b5a5ir-rg/providers/Microsoft.Storage/storageAccounts/clobackupt0b5a5ir,compliance-pci,out-of-scope
/subscriptions/00000000-0000-0000-0000-000444400005/resourceGroups/clobackupt0b5a5ir-rg/providers/Microsoft.Storage/storageAccounts/clobackupt0b5a5ir,compliance-gdpr,out-of-scope
/subscriptions/00000000-0000-0000-0000-000444400005/resourceGroups/clobackupt0b5a5ir-rg/providers/Microsoft.Storage/storageAccounts/clobackupt0b5a5ir,created-by,terraform
/subscriptions/00000000-0000-0000-0000-000444400005/resourceGroups/clobackupt0b5a5ir-rg/providers/Microsoft.Storage/storageAccounts/clobackupt0b5a5ir,rightsizing,exempt
/subscriptions/00000000-0000-0000-0000-000444400005/resourceGroups/clobackupt0b5a5ir-rg/providers/Microsoft.Storage/storageAccounts/clobackupt0b5a5ir,allow-spot,true
/subscriptions/00000000-0000-0000-0000-000444400005/resourceGroups/clobackupt0b5a5ir-rg/providers/Microsoft.Storage/storageAccounts/clobackupt0b5a5ir,access-tier,archive
/subscriptions/00000000-0000-0000-0000-000444400005/resourceGroups/clobackupt0b5a5ir-rg/providers/Microsoft.Storage/storageAccounts/clobackupt0b5a5ir,encryption,customer-managed
/subscriptions/00000000-0000-0000-0000-000444400005/resourceGroups/clobackupt0b5a5ir-rg/providers/Microsoft.Storage/storageAccounts/clobackupt0b5a5ir,service-tier,blobstorage-premium
/subscriptions/00000000-0000-0000-0000-000444400005/resourceGroups/clobackupt0b5a5ir-rg/providers/Microsoft.Storage/storageAccounts/clobackupt0b5a5ir,cost-allocation,shared
/subscriptions/00000000-0000-0000-0000-000444400005/resourceGroups/clobackupt0b5a5ir-rg/providers/Microsoft.Storage/storageAccounts/clobackupt0b5a5ir,allocation-method,direct
/subscriptions/00000000-0000-0000-0000-000444400005/resourceGroups/clobackupt0b5a5ir-rg/providers/Microsoft.Storage/storageAccounts/clobackupt0b5a5ir,chargeback-entity,Media
/subscriptions/00000000-0000-0000-0000-000444400005/resourceGroups/clobackupt0b5a5ir-rg/providers/Microsoft.Storage/storageAccounts/clobackupt0b5a5ir,showback-category,production
/subscriptions/00000000-0000-0000-0000-000444400005/resourceGroups/clobackupt0b5a5ir-rg/providers/Microsoft.Storage/storageAccounts/clobackupt0b5a5ir,name,CloudExpansionMediaServices-BlobStorage
/subscriptions/00000000-0000-0000-0000-000444400005/resourceGroups/clobackupt0b5a5ir-rg/providers/Microsoft.Storage/storageAccounts/clobackupt0b5a5ir,project,CloudExpansionMediaServices
/subscriptions/00000000-0000-0000-0000-000444400005/resourceGroups/clobackupt0b5a5ir-rg/providers/Microsoft.Storage/storageAccounts/clobackupt0b5a5ir,business-unit,Media
/subscriptions/00000000-0000-0000-0000-000444400005/resourceGroups/clobackupt0b5a5ir-rg/providers/Microsoft.Storage/storageAccounts/clobackupt0b5a5ir,environment,production
/subscriptions/00000000-0000-0000-0000-000444400005/resourceGroups/clobackupt0b5a5ir-rg/providers/Microsoft.Storage/storageAccounts/clobackupt0b5a5ir,cost-center,Media-2292
/subscriptions/00000000-0000-0000-0000-000444400005/resourceGroups/clobackupt0b5a5ir-rg/providers/Microsoft.Storage/storageAccounts/clobackupt0b5a5ir,use-case,Enterprise Applications
/subscriptions/00000000-0000-0000-0000-000444400005/resourceGroups/clobackupt0b5a5ir-rg/providers/Microsoft.Storage/storageAccounts/clobackupt0b5a5ir,version,stable
/subscriptions/00000000-0000-0000-0000-000444400005/resourceGroups/clobackupt0b5a5ir-rg/providers/Microsoft.Storage/storageAccounts/clobackupt0b5a5ir,compliance-sox,in-scope
/subscriptions/00000000-0000-0000-0000-000444400005/resourceGroups/clobackupt0b5a5ir-rg/providers/Microsoft.Storage/storageAccounts/clobackupt0b5a5ir,compliance-gdpr,in-scope
/subscriptions/00000000-0000-0000-0000-000444400005/resourceGroups/clobackupt0b5a5ir-rg/providers/Microsoft.Storage/storageAccounts/clobackupt0b5a5ir,compliance-pci,out-of-scope
/subscriptions/00000000-0000-0000-0000-000444400005/resourceGroups/clobackupt0b5a5ir-rg/providers/Microsoft.Storage/storageAccounts/clobackupt0b5a5ir,security-level,medium
/subscriptions/00000000-0000-0000-0000-000444400005/resourceGroups/clobackupt0b5a5ir-rg/providers/Microsoft.Storage/storageAccounts/clobackupt0b5a5ir,managed-by,platform
/subscriptions/00000000-0000-0000-0000-000444400005/resourceGroups/clobackupt0b5a5ir-rg/providers/Microsoft.Storage/storageAccounts/clobackupt0b5a5ir,rightsizing,oversized
/subscriptions/00000000-0000-0000-0000-000444400005/resourceGroups/clobackupt0b5a5ir-rg/providers/Microsoft.Storage/storageAccounts/clobackupt0b5a5ir,optimization-priority,performance
/subscriptions/00000000-0000-0000-0000-000444400005/resourceGroups/clobackupt0b5a5ir-rg/providers/Microsoft.Storage/storageAccounts/clobackupt0b5a5ir,budget-alert,exempt
/subscriptions/00000000-0000-0000-0000-000444400005/resourceGroups/clobackupt0b5a5ir-rg/providers/Microsoft.Storage/storageAccounts/clobackupt0b5a5ir,lifecycle-policy,compliance-7-years
/subscriptions/00000000-0000-0000-0000-000444400005/resourceGroups/clobackupt0b5a5ir-rg/providers/Microsoft.Storage/storageAccounts/clobackupt0b5a5ir,public-access,blob
/subscriptions/00000000-0000-0000-0000-000444400005/resourceGroups/clobackupt0b5a5ir-rg/providers/Microsoft.Storage/storageAccounts/clobackupt0b5a5ir,encryption,microsoft-managed
/subscriptions/00000000-0000-0000-0000-000444400005/resourceGroups/clobackupt0b5a5ir-rg/providers/Microsoft.Storage/storageAccounts/clobackupt0b5a5ir,access-tier,cool
/subscriptions/00000000-0000-0000-0000-000444400005/resourceGroups/clobackupt0b5a5ir-rg/providers/Microsoft.Storage/storageAccounts/clobackupt0b5a5ir,service-tier,blobstorage-basic
/subscriptions/00000000-0000-0000-0000-000444400005/resourceGroups/clobackupt0b5a5ir-rg/providers/Microsoft.Storage/storageAccounts/clobackupt0b5a5ir,cost-allocation,shared
/subscriptions/00000000-0000-0000-0000-000444400005/resourceGroups/clobackupt0b5a5ir-rg/providers/Microsoft.Storage/storageAccounts/clobackupt0b5a5ir,allocation-method,direct
/subscriptions/00000000-0000-0000-0000-000444400005/resourceGroups/clobackupt0b5a5ir-rg/providers/Microsoft.Storage/storageAccounts/clobackupt0b5a5ir,chargeback-entity,Media
/subscriptions/00000000-0000-0000-0000-000444400005/resourceGroups/clobackupt0b5a5ir-rg/providers/Microsoft.Storage/storageAccounts/clobackupt0b5a5ir,showback-category,production
/subscriptions/00000000-0000-0000-0000-000444400005/resourceGroups/clo-rg/providers/Microsoft.Media/mediaservices/clo-med-12gi,name,CloudExpansionMediaServices-MediaServices
/subscriptions/00000000-0000-0000-0000-000444400005/resourceGroups/clo-rg/providers/Microsoft.Media/mediaservices/clo-med-12gi,project,CloudExpansionMediaServices
/subscriptions/00000000-0000-0000-0000-000444400005/resourceGroups/clo-rg/providers/Microsoft.Media/mediaservices/clo-med-12gi,business-unit,Media
/subscriptions/00000000-0000-0000-0000-000444400005/resourceGroups/clo-rg/providers/Microsoft.Media/mediaservices/clo-med-12gi,environment,production
/subscriptions/00000000-0000-0000-0000-000444400005/resourceGroups/clo-rg/providers/Microsoft.Media/mediaservices/clo-med-12gi,cost-center,Media-9423
/subscriptions/00000000-0000-0000-0000-000444400005/resourceGroups/clo-rg/providers/Microsoft.Media/mediaservices/clo-med-12gi,use-case,Enterprise Applications
/subscriptions/00000000-0000-0000-0000-000444400005/resourceGroups/clo-rg/providers/Microsoft.Media/mediaservices/clo-med-12gi,backup-frequency,daily
/subscriptions/00000000-0000-0000-0000-000444400005/resourceGroups/clo-rg/providers/Microsoft.Media/mediaservices/clo-med-12gi,auto-shutdown,true
/subscriptions/00000000-0000-0000-0000-000444400005/resourceGroups/clo-rg/providers/Microsoft.Media/mediaservices/clo-med-12gi,owner,jane.smith@example.com
/subscriptions/00000000-0000-0000-0000-000444400005/resourceGroups/clo-rg/providers/Microsoft.Media/mediaservices/clo-med-12gi,compliance-status,non-compliant
/subscriptions/00000000-0000-0000-0000-000444400005/resourceGroups/clo-rg/providers/Microsoft.Media/mediaservices/clo-med-12gi,compliance-pci,out-of-scope
/subscriptions/00000000-0000-0000-0000-000444400005/resourceGroups/clo-rg/providers/Microsoft.Media/mediaservices/clo-med-12gi,auto-scaling,disabled
/subscriptions/00000000-0000-0000-0000-000444400005/resourceGroups/clo-rg/providers/Microsoft.Media/mediaservices/clo-med-12gi,budget-alert,low
/subscriptions/00000000-0000-0000-0000-000444400005/resourceGroups/clo-rg/providers/Microsoft.Media/mediaservices/clo-med-12gi,optimization-priority,performance
/subscriptions/00000000-0000-0000-0000-000444400005/resourceGroups/clo-rg/providers/Microsoft.Media/mediaservices/clo-med-12gi,service-tier,mediaservices-enterprise
/subscriptions/00000000-0000-0000-0000-000444400005/resourceGroups/clo-rg/providers/Microsoft.Media/mediaservices/clo-med-12gi,team,infrastructure
/subscriptions/00000000-0000-0000-0000-000444400005/resourceGroups/clo-rg/providers/Microsoft.Media/mediaservices/clo-med-12gi,cost-allocation,direct
/subscriptions/00000000-0000-0000-0000-000444400005/resourceGroups/clo-rg/providers/Microsoft.Media/mediaservices/clo-med-12gi,chargeback-entity,Media
/subscriptions/00000000-0000-0000-0000-000444400005/resourceGroups/clo-rg/providers/Microsoft.Media/mediaservices/clo-med-12gi,showback-category,production
/subscriptions/00000000-0000-0000-0000-000444400005/resourceGroups/clo-rg/providers/Microsoft.Media/mediaservices/clo-med-12gi,name,CloudExpansionMediaServices-MediaServices
/subscriptions/00000000-0000-0000-0000-000444400005/resourceGroups/clo-rg/providers/Microsoft.Media/mediaservices/clo-med-12gi,project,CloudExpansionMediaServices
/subscriptions/00000000-0000-0000-0000-000444400005/resourceGroups/clo-rg/providers/Microsoft.Media/mediaservices/clo-med-12gi,business-unit,Media
/subscriptions/00000000-0000-0000-0000-000444400005/resourceGroups/clo-rg/providers/Microsoft.Media/mediaservices/clo-med-12gi,environment,production
/subscriptions/00000000-0000-0000-0000-000444400005/resourceGroups/clo-rg/providers/Microsoft.Media/mediaservices/clo-med-12gi,cost-center,Media-2203
/subscriptions/00000000-0000-0000-0000-000444400005/resourceGroups/clo-rg/providers/Microsoft.Media/mediaservices/clo-med-12gi,use-case,Enterprise Applications
/subscriptions/00000000-0000-0000-0000-000444400005/resourceGroups/clo-rg/providers/Microsoft.Media/mediaservices/clo-med-12gi,auto-shutdown,nights
/subscriptions/00000000-0000-0000-0000-000444400005/resourceGroups/clo-rg/providers/Microsoft.Media/mediaservices/clo-med-12gi,department,engineering
/subscriptions/00000000-0000-0000-0000-000444400005/resourceGroups/clo-rg/providers/Microsoft.Media/mediaservices/clo-med-12gi,compliance-gdpr,out-of-scope
/subscriptions/00000000-0000-0000-0000-000444400005/resourceGroups/clo-rg/providers/Microsoft.Media/mediaservices/clo-med-12gi,compliance-hipaa,not-required
/subscriptions/00000000-0000-0000-0000-000444400005/resourceGroups/clo-rg/providers/Microsoft.Media/mediaservices/clo-med-12gi,managed-by,sre
/subscriptions/00000000-0000-0000-0000-000444400005/resourceGroups/clo-rg/providers/Microsoft.Media/mediaservices/clo-med-12gi,optimization-priority,availability
/subscriptions/00000000-0000-0000-0000-000444400005/resourceGroups/clo-rg/providers/Microsoft.Media/mediaservices/clo-med-12gi,budget-alert,low
/subscriptions/00000000-0000-0000-0000-000444400005/resourceGroups/clo-rg/providers/Microsoft.Media/mediaservices/clo-med-12gi,rightsizing,exempt
/subscriptions/00000000-0000-0000-0000-000444400005/resourceGroups/clo-rg/providers/Microsoft.Media/mediaservices/clo-med-12gi,service-tier,mediaservices-basic
/subscriptions/00000000-0000-0000-0000-000444400005/resourceGroups/clo-rg/providers/Microsoft.Media/mediaservices/clo-med-12gi,cost-allocation,direct
/subscriptions/00000000-0000-0000-0000-000444400005/resourceGroups/clo-rg/providers/Microsoft.Media/mediaservices/clo-med-12gi,chargeback-entity,Media
/subscriptions/00000000-0000-0000-0000-000444400005/resourceGroups/clo-rg/providers/Microsoft.Media/mediaservices/clo-med-12gi,showback-category,production
/subscriptions/00000000-0000-0000-0000-000444400005/resourceGroups/clo-rg/providers/Microsoft.Media/mediaservices/clo-med-12gi,name,CloudExpansionMediaServices-MediaServices
/subscriptions/00000000-0000-0000-0000-000444400005/resourceGroups/clo-rg/providers/Microsoft.Media/mediaservices/clo-med-12gi,project,CloudExpansionMediaServices
/subscriptions/00000000-0000-0000-0000-000444400005/resourceGroups/clo-rg/providers/Microsoft.Media/mediaservices/clo-med-12gi,business-unit,Media
/subscriptions/00000000-0000-0000-0000-000444400005/resourceGroups/clo-rg/providers/Microsoft.Media/mediaservices/clo-med-12gi,environment,production
/subscriptions/00000000-0000-0000-0000-000444400005/resourceGroups/clo-rg/providers/Microsoft.Media/mediaservices/clo-med-12gi,cost-center,Media-2343
/subscriptions/00000000-0000-0000-0000-000444400005/resourceGroups/clo-rg/providers/Microsoft.Media/mediaservices/clo-med-12gi,use-case,Enterprise Applications
/subscriptions/00000000-0000-0000-0000-000444400005/resourceGroups/clo-rg/providers/Microsoft.Media/mediaservices/clo-med-12gi,auto-shutdown,true
/subscriptions/00000000-0000-0000-0000-000444400005/resourceGroups/clo-rg/providers/Microsoft.Media/mediaservices/clo-med-12gi,department,operations
/subscriptions/00000000-0000-0000-0000-000444400005/resourceGroups/clo-rg/providers/Microsoft.Media/mediaservices/clo-med-12gi,security-level,low
/subscriptions/00000000-0000-0000-0000-000444400005/resourceGroups/clo-rg/providers/Microsoft.Media/mediaservices/clo-med-12gi,compliance-status,exempted
/subscriptions/00000000-0000-0000-0000-000444400005/resourceGroups/clo-rg/providers/Microsoft.Media/mediaservices/clo-med-12gi,compliance-pci,out-of-scope
/subscriptions/00000000-0000-0000-0000-000444400005/resourceGroups/clo-rg/providers/Microsoft.Media/mediaservices/clo-med-12gi,created-by,portal
/subscriptions/00000000-0000-0000-0000-000444400005/resourceGroups/clo-rg/providers/Microsoft.Media/mediaservices/clo-med-12gi,budget-alert,medium
/subscriptions/00000000-0000-0000-0000-000444400005/resourceGroups/clo-rg/providers/Microsoft.Media/mediaservices/clo-med-12gi,service-tier,mediaservices-enterprise
/subscriptions/00000000-0000-0000-0000-000444400005/resourceGroups/clo-rg/providers/Microsoft.Media/mediaservices/clo-med-12gi,team,platform
/subscriptions/00000000-0000-0000-0000-000444400005/resourceGroups/clo-rg/providers/Microsoft.Media/mediaservices/clo-med-12gi,cost-allocation,direct
/subscriptions/00000000-0000-0000-0000-000444400005/resourceGroups/clo-rg/providers/Microsoft.Media/mediaservices/clo-med-12gi,chargeback-entity,Media
/subscriptions/00000000-0000-0000-0000-000444400005/resourceGroups/clo-rg/providers/Microsoft.Media/mediaservices/clo-med-12gi,showback-category,production
/subscriptions/00000000-0000-0000-0000-000444400005/resourceGroups/clo-rg/providers/Microsoft.Media/liveEvents/clo-liv-uef0,name,CloudExpansionMediaServices-LiveVideo
/subscriptions/00000000-0000-0000-0000-000444400005/resourceGroups/clo-rg/providers/Microsoft.Media/liveEvents/clo-liv-uef0,project,CloudExpansionMediaServices
/subscriptions/00000000-0000-0000-0000-000444400005/resourceGroups/clo-rg/providers/Microsoft.Media/liveEvents/clo-liv-uef0,business-unit,Media
/subscriptions/00000000-0000-0000-0000-000444400005/resourceGroups/clo-rg/providers/Microsoft.Media/liveEvents/clo-liv-uef0,environment,production
/subscriptions/00000000-0000-0000-0000-000444400005/resourceGroups/clo-rg/providers/Microsoft.Media/liveEvents/clo-liv-uef0,cost-center,Media-7847
/subscriptions/00000000-0000-0000-0000-000444400005/resourceGroups/clo-rg/providers/Microsoft.Media/liveEvents/clo-liv-uef0,use-case,Enterprise Applications
/subscriptions/00000000-0000-0000-0000-000444400005/resourceGroups/clo-rg/providers/Microsoft.Media/liveEvents/clo-liv-uef0,compliance-gdpr,out-of-scope
/subscriptions/00000000-0000-0000-0000-000444400005/resourceGroups/clo-rg/providers/Microsoft.Media/liveEvents/clo-liv-uef0,compliance-hipaa,not-required
/subscriptions/00000000-0000-0000-0000-000444400005/resourceGroups/clo-rg/providers/Microsoft.Media/liveEvents/clo-liv-uef0,compliance-sox,in-scope
/subscriptions/00000000-0000-0000-0000-000444400005/resourceGroups/clo-rg/providers/Microsoft.Media/liveEvents/clo-liv-uef0,iac,true
/subscriptions/00000000-0000-0000-0000-000444400005/resourceGroups/clo-rg/providers/Microsoft.Media/liveEvents/clo-liv-uef0,managed-by,platform
/subscriptions/00000000-0000-0000-0000-000444400005/resourceGroups/clo-rg/providers/Microsoft.Media/liveEvents/clo-liv-uef0,optimization-priority,balanced
/subscriptions/00000000-0000-0000-0000-000444400005/resourceGroups/clo-rg/providers/Microsoft.Media/liveEvents/clo-liv-uef0,rightsizing,optimized
/subscriptions/00000000-0000-0000-0000-000444400005/resourceGroups/clo-rg/providers/Microsoft.Media/liveEvents/clo-liv-uef0,service-tier,livevideo-premium
/subscriptions/00000000-0000-0000-0000-000444400005/resourceGroups/clo-rg/providers/Microsoft.Media/liveEvents/clo-liv-uef0,team,data-engineering
/subscriptions/00000000-0000-0000-0000-000444400005/resourceGroups/clo-rg/providers/Microsoft.Media/liveEvents/clo-liv-uef0,cost-allocation,direct
/subscriptions/00000000-0000-0000-0000-000444400005/resourceGroups/clo-rg/providers/Microsoft.Media/liveEvents/clo-liv-uef0,chargeback-entity,Media
/subscriptions/00000000-0000-0000-0000-000444400005/resourceGroups/clo-rg/providers/Microsoft.Media/liveEvents/clo-liv-uef0,showback-category,production
/subscriptions/00000000-0000-0000-0000-000444400005/resourceGroups/clo-rg/providers/Microsoft.Media/liveEvents/clo-liv-uef0,name,CloudExpansionMediaServices-LiveVideo
/subscriptions/00000000-0000-0000-0000-000444400005/resourceGroups/clo-rg/providers/Microsoft.Media/liveEvents/clo-liv-uef0,project,CloudExpansionMediaServices
/subscriptions/00000000-0000-0000-0000-000444400005/resourceGroups/clo-rg/providers/Microsoft.Media/liveEvents/clo-liv-uef0,business-unit,Media
/subscriptions/00000000-0000-0000-0000-000444400005/resourceGroups/clo-rg/providers/Microsoft.Media/liveEvents/clo-liv-uef0,environment,production
/subscriptions/00000000-0000-0000-0000-000444400005/resourceGroups/clo-rg/providers/Microsoft.Media/liveEvents/clo-liv-uef0,cost-center,Media-8224
/subscriptions/00000000-0000-0000-0000-000444400005/resourceGroups/clo-rg/providers/Microsoft.Media/liveEvents/clo-liv-uef0,use-case,Enterprise Applications
/subscriptions/00000000-0000-0000-0000-000444400005/resourceGroups/clo-rg/providers/Microsoft.Media/liveEvents/clo-liv-uef0,backup-frequency,hourly
/subscriptions/00000000-0000-0000-0000-000444400005/resourceGroups/clo-rg/providers/Microsoft.Media/liveEvents/clo-liv-uef0,data-classification,restricted
/subscriptions/00000000-0000-0000-0000-000444400005/resourceGroups/clo-rg/providers/Microsoft.Media/liveEvents/clo-liv-uef0,requestor,product-team@example.com
/subscriptions/00000000-0000-0000-0000-000444400005/resourceGroups/clo-rg/providers/Microsoft.Media/liveEvents/clo-liv-uef0,compliance-pci,out-of-scope
/subscriptions/00000000-0000-0000-0000-000444400005/resourceGroups/clo-rg/providers/Microsoft.Media/liveEvents/clo-liv-uef0,compliance-hipaa,not-required
/subscriptions/00000000-0000-0000-0000-000444400005/resourceGroups/clo-rg/providers/Microsoft.Media/liveEvents/clo-liv-uef0,auto-scaling,enabled
/subscriptions/00000000-0000-0000-0000-000444400005/resourceGroups/clo-rg/providers/Microsoft.Media/liveEvents/clo-liv-uef0,created-by,api
/subscriptions/00000000-0000-0000-0000-000444400005/resourceGroups/clo-rg/providers/Microsoft.Media/liveEvents/clo-liv-uef0,budget-alert,high
/subscriptions/00000000-0000-0000-0000-000444400005/resourceGroups/clo-rg/providers/Microsoft.Media/liveEvents/clo-liv-uef0,rightsizing,exempt
/subscriptions/00000000-0000-0000-0000-000444400005/resourceGroups/clo-rg/providers/Microsoft.Media/liveEvents/clo-liv-uef0,team,security
/subscriptions/00000000-0000-0000-0000-000444400005/resourceGroups/clo-rg/providers/Microsoft.Media/liveEvents/clo-liv-uef0,cost-allocation,direct
/subscriptions/00000000-0000-0000-0000-000444400005/resourceGroups/clo-rg/providers/Microsoft.Media/liveEvents/clo-liv-uef0,chargeback-entity,Media
/subscriptions/00000000-0000-0000-0000-000444400005/resourceGroups/clo-rg/providers/Microsoft.Media/liveEvents/clo-liv-uef0,showback-category,production
/subscriptions/00000000-0000-0000-0000-000444400005/resourceGroups/clo-rg/providers/Microsoft.Media/liveEvents/clo-liv-uef0,name,CloudExpansionMediaServices-LiveVideo
/subscriptions/00000000-0000-0000-0000-000444400005/resourceGroups/clo-rg/providers/Microsoft.Media/liveEvents/clo-liv-uef0,project,CloudExpansionMediaServices
/subscriptions/00000000-0000-0000-0000-000444400005/resourceGroups/clo-rg/providers/Microsoft.Media/liveEvents/clo-liv-uef0,business-unit,Media
/subscriptions/00000000-0000-0000-0000-000444400005/resourceGroups/clo-rg/providers/Microsoft.Media/liveEvents/clo-liv-uef0,environment,production
/subscriptions/00000000-0000-0000-0000-000444400005/resourceGroups/clo-rg/providers/Microsoft.Media/liveEvents/clo-liv-uef0,cost-center,Media-7834
/subscriptions/00000000-0000-0000-0000-000444400005/resourceGroups/clo-rg/providers/Microsoft.Media/liveEvents/clo-liv-uef0,use-case,Enterprise Applications
/subscriptions/00000000-0000-0000-0000-000444400005/resourceGroups/clo-rg/providers/Microsoft.Media/liveEvents/clo-liv-uef0,data-classification,public
/subscriptions/00000000-0000-0000-0000-000444400005/resourceGroups/clo-rg/providers/Microsoft.Media/liveEvents/clo-liv-uef0,auto-shutdown,true
/subscriptions/00000000-0000-0000-0000-000444400005/resourceGroups/clo-rg/providers/Microsoft.Media/liveEvents/clo-liv-uef0,owner,team-devops@example.com
/subscriptions/00000000-0000-0000-0000-000444400005/resourceGroups/clo-rg/providers/Microsoft.Media/liveEvents/clo-liv-uef0,compliance-pci,in-scope
/subscriptions/00000000-0000-0000-0000-000444400005/resourceGroups/clo-rg/providers/Microsoft.Media/liveEvents/clo-liv-uef0,deployment-group,canary
/subscriptions/00000000-0000-0000-0000-000444400005/resourceGroups/clo-rg/providers/Microsoft.Media/liveEvents/clo-liv-uef0,created-by,terraform
/subscriptions/00000000-0000-0000-0000-000444400005/resourceGroups/clo-rg/providers/Microsoft.Media/liveEvents/clo-liv-uef0,rightsizing,optimized
/subscriptions/00000000-0000-0000-0000-000444400005/resourceGroups/clo-rg/providers/Microsoft.Media/liveEvents/clo-liv-uef0,service-tier,livevideo-basic
/subscriptions/00000000-0000-0000-0000-000444400005/resourceGroups/clo-rg/providers/Microsoft.Media/liveEvents/clo-liv-uef0,team,analytics
/subscriptions/00000000-0000-0000-0000-000444400005/resourceGroups/clo-rg/providers/Microsoft.Media/liveEvents/clo-liv-uef0,cost-allocation,direct
/subscriptions/00000000-0000-0000-0000-000444400005/resourceGroups/clo-rg/providers/Microsoft.Media/liveEvents/clo-liv-uef0,chargeback-entity,Media
/subscriptions/00000000-0000-0000-0000-000444400005/resourceGroups/clo-rg/providers/Microsoft.Media/liveEvents/clo-liv-uef0,showback-category,production
/subscriptions/00000000-0000-0000-0000-000444400005/resourceGroups/clo-rg/providers/Microsoft.Cdn/profiles/clo-cdn-b5u4,name,CloudExpansionMediaServices-CDN
/subscriptions/00000000-0000-0000-0000-000444400005/resourceGroups/clo-rg/providers/Microsoft.Cdn/profiles/clo-cdn-b5u4,project,CloudExpansionMediaServices
/subscriptions/00000000-0000-0000-0000-000444400005/resourceGroups/clo-rg/providers/Microsoft.Cdn/profiles/clo-cdn-b5u4,business-unit,Media
/subscriptions/00000000-0000-0000-0000-000444400005/resourceGroups/clo-rg/providers/Microsoft.Cdn/profiles/clo-cdn-b5u4,environment,production
/subscriptions/00000000-0000-0000-0000-000444400005/resourceGroups/clo-rg/providers/Microsoft.Cdn/profiles/clo-cdn-b5u4,cost-center,Media-1379
/subscriptions/00000000-0000-0000-0000-000444400005/resourceGroups/clo-rg/providers/Microsoft.Cdn/profiles/clo-cdn-b5u4,use-case,Enterprise Applications
/subscriptions/00000000-0000-0000-0000-000444400005/resourceGroups/clo-rg/providers/Microsoft.Cdn/profiles/clo-cdn-b5u4,data-classification,restricted
/subscriptions/00000000-0000-0000-0000-000444400005/resourceGroups/clo-rg/providers/Microsoft.Cdn/profiles/clo-cdn-b5u4,backup-frequency,daily
/subscriptions/00000000-0000-0000-0000-000444400005/resourceGroups/clo-rg/providers/Microsoft.Cdn/profiles/clo-cdn-b5u4,requestor,john.doe@example.com
/subscriptions/00000000-0000-0000-0000-000444400005/resourceGroups/clo-rg/providers/Microsoft.Cdn/profiles/clo-cdn-b5u4,compliance-status,under-review
/subscriptions/00000000-0000-0000-0000-000444400005/resourceGroups/clo-rg/providers/Microsoft.Cdn/profiles/clo-cdn-b5u4,compliance-pci,out-of-scope
/subscriptions/00000000-0000-0000-0000-000444400005/resourceGroups/clo-rg/providers/Microsoft.Cdn/profiles/clo-cdn-b5u4,compliance-gdpr,in-scope
/subscriptions/00000000-0000-0000-0000-000444400005/resourceGroups/clo-rg/providers/Microsoft.Cdn/profiles/clo-cdn-b5u4,managed-by,sre
/subscriptions/00000000-0000-0000-0000-000444400005/resourceGroups/clo-rg/providers/Microsoft.Cdn/profiles/clo-cdn-b5u4,created-by,portal
/subscriptions/00000000-0000-0000-0000-000444400005/resourceGroups/clo-rg/providers/Microsoft.Cdn/profiles/clo-cdn-b5u4,rightsizing,optimized
/subscriptions/00000000-0000-0000-0000-000444400005/resourceGroups/clo-rg/providers/Microsoft.Cdn/profiles/clo-cdn-b5u4,budget-alert,low
/subscriptions/00000000-0000-0000-0000-000444400005/resourceGroups/clo-rg/providers/Microsoft.Cdn/profiles/clo-cdn-b5u4,service-tier,cdn-enterprise
/subscriptions/00000000-0000-0000-0000-000444400005/resourceGroups/clo-rg/providers/Microsoft.Cdn/profiles/clo-cdn-b5u4,cost-allocation,direct
/subscriptions/00000000-0000-0000-0000-000444400005/resourceGroups/clo-rg/providers/Microsoft.Cdn/profiles/clo-cdn-b5u4,chargeback-entity,Media
/subscriptions/00000000-0000-0000-0000-000444400005/resourceGroups/clo-rg/providers/Microsoft.Cdn/profiles/clo-cdn-b5u4,showback-category,production
/subscriptions/00000000-0000-0000-0000-000444400005/resourceGroups/clo-rg/providers/Microsoft.Cdn/profiles/clo-cdn-b5u4,name,CloudExpansionMediaServices-CDN
/subscriptions/00000000-0000-0000-0000-000444400005/resourceGroups/clo-rg/providers/Microsoft.Cdn/profiles/clo-cdn-b5u4,project,CloudExpansionMediaServices
/subscriptions/00000000-0000-0000-0000-000444400005/resourceGroups/clo-rg/providers/Microsoft.Cdn/profiles/clo-cdn-b5u4,business-unit,Media
/subscriptions/00000000-0000-0000-0000-000444400005/resourceGroups/clo-rg/providers/Microsoft.Cdn/profiles/clo-cdn-b5u4,environment,production
/subscriptions/00000000-0000-0000-0000-000444400005/resourceGroups/clo-rg/providers/Microsoft.Cdn/profiles/clo-cdn-b5u4,cost-center,Media-3843
/subscriptions/00000000-0000-0000-0000-000444400005/resourceGroups/clo-rg/providers/Microsoft.Cdn/profiles/clo-cdn-b5u4,use-case,Enterprise Applications
/subscriptions/00000000-0000-0000-0000-000444400005/resourceGroups/clo-rg/providers/Microsoft.Cdn/profiles/clo-cdn-b5u4,data-classification,internal
/subscriptions/00000000-0000-0000-0000-000444400005/resourceGroups/clo-rg/providers/Microsoft.Cdn/profiles/clo-cdn-b5u4,compliance-status,under-review
/subscriptions/00000000-0000-0000-0000-000444400005/resourceGroups/clo-rg/providers/Microsoft.Cdn/profiles/clo-cdn-b5u4,deployment-group,canary
/subscriptions/00000000-0000-0000-0000-000444400005/resourceGroups/clo-rg/providers/Microsoft.Cdn/profiles/clo-cdn-b5u4,rightsizing,pending-review
/subscriptions/00000000-0000-0000-0000-000444400005/resourceGroups/clo-rg/providers/Microsoft.Cdn/profiles/clo-cdn-b5u4,team,infrastructure
/subscriptions/00000000-0000-0000-0000-000444400005/resourceGroups/clo-rg/providers/Microsoft.Cdn/profiles/clo-cdn-b5u4,cost-allocation,direct
/subscriptions/00000000-0000-0000-0000-000444400005/resourceGroups/clo-rg/providers/Microsoft.Cdn/profiles/clo-cdn-b5u4,chargeback-entity,Media
/subscriptions/00000000-0000-0000-0000-000444400005/resourceGroups/clo-rg/providers/Microsoft.Cdn/profiles/clo-cdn-b5u4,showback-category,production
/subscriptions/00000000-0000-0000-0000-000444400005/resourceGroups/clo-rg/providers/Microsoft.Cdn/profiles/clo-cdn-b5u4,name,CloudExpansionMediaServices-CDN
/subscriptions/00000000-0000-0000-0000-000444400005/resourceGroups/clo-rg/providers/Microsoft.Cdn/profiles/clo-cdn-b5u4,project,CloudExpansionMediaServices
/subscriptions/00000000-0000-0000-0000-000444400005/resourceGroups/clo-rg/providers/Microsoft.Cdn/profiles/clo-cdn-b5u4,business-unit,Media
/subscriptions/00000000-0000-0000-0000-000444400005/resourceGroups/clo-rg/providers/Microsoft.Cdn/profiles/clo-cdn-b5u4,environment,production
/subscriptions/00000000-0000-0000-0000-000444400005/resourceGroups/clo-rg/providers/Microsoft.Cdn/profiles/clo-cdn-b5u4,cost-center,Media-4638
/subscriptions/00000000-0000-0000-0000-000444400005/resourceGroups/clo-rg/providers/Microsoft.Cdn/profiles/clo-cdn-b5u4,use-case,Enterprise Applications
/subscriptions/00000000-0000-0000-0000-000444400005/resourceGroups/clo-rg/providers/Microsoft.Cdn/profiles/clo-cdn-b5u4,owner,john.doe@example.com
/subscriptions/00000000-0000-0000-0000-000444400005/resourceGroups/clo-rg/providers/Microsoft.Cdn/profiles/clo-cdn-b5u4,department,it
/subscriptions/00000000-0000-0000-0000-000444400005/resourceGroups/clo-rg/providers/Microsoft.Cdn/profiles/clo-cdn-b5u4,compliance-pci,out-of-scope
/subscriptions/00000000-0000-0000-0000-000444400005/resourceGroups/clo-rg/providers/Microsoft.Cdn/profiles/clo-cdn-b5u4,managed-by,platform
/subscriptions/00000000-0000-0000-0000-000444400005/resourceGroups/clo-rg/providers/Microsoft.Cdn/profiles/clo-cdn-b5u4,rightsizing,oversized
/subscriptions/00000000-0000-0000-0000-000444400005/resourceGroups/clo-rg/providers/Microsoft.Cdn/profiles/clo-cdn-b5u4,service-tier,cdn-premium
/subscriptions/00000000-0000-0000-0000-000444400005/resourceGroups/clo-rg/providers/Microsoft.Cdn/profiles/clo-cdn-b5u4,team,data-engineering
/subscriptions/00000000-0000-0000-0000-000444400005/resourceGroups/clo-rg/providers/Microsoft.Cdn/profiles/clo-cdn-b5u4,cost-allocation,direct
/subscriptions/00000000-0000-0000-0000-000444400005/resourceGroups/clo-rg/providers/Microsoft.Cdn/profiles/clo-cdn-b5u4,chargeback-entity,Media
/subscriptions/00000000-0000-0000-0000-000444400005/resourceGroups/clo-rg/providers/Microsoft.Cdn/profiles/clo-cdn-b5u4,showback-category,production
/subscriptions/00000000-0000-0000-0000-000444400005/resourceGroups/clo-rg/providers/Microsoft.Elastic/monitors/clo-ela-rnrs,name,CloudExpansionMediaServices-ElasticSearch
/subscriptions/00000000-0000-0000-0000-000444400005/resourceGroups/clo-rg/providers/Microsoft.Elastic/monitors/clo-ela-rnrs,project,CloudExpansionMediaServices
/subscriptions/00000000-0000-0000-0000-000444400005/resourceGroups/clo-rg/providers/Microsoft.Elastic/monitors/clo-ela-rnrs,business-unit,Media
/subscriptions/00000000-0000-0000-0000-000444400005/resourceGroups/clo-rg/providers/Microsoft.Elastic/monitors/clo-ela-rnrs,environment,production
/subscriptions/00000000-0000-0000-0000-000444400005/resourceGroups/clo-rg/providers/Microsoft.Elastic/monitors/clo-ela-rnrs,cost-center,Media-9646
/subscriptions/00000000-0000-0000-0000-000444400005/resourceGroups/clo-rg/providers/Microsoft.Elastic/monitors/clo-ela-rnrs,use-case,Enterprise Applications
/subscriptions/00000000-0000-0000-0000-000444400005/resourceGroups/clo-rg/providers/Microsoft.Elastic/monitors/clo-ela-rnrs,backup-frequency,hourly
/subscriptions/00000000-0000-0000-0000-000444400005/resourceGroups/clo-rg/providers/Microsoft.Elastic/monitors/clo-ela-rnrs,requestor,team-devops@example.com
/subscriptions/00000000-0000-0000-0000-000444400005/resourceGroups/clo-rg/providers/Microsoft.Elastic/monitors/clo-ela-rnrs,compliance-sox,out-of-scope
/subscriptions/00000000-0000-0000-0000-000444400005/resourceGroups/clo-rg/providers/Microsoft.Elastic/monitors/clo-ela-rnrs,compliance-status,exempted
/subscriptions/00000000-0000-0000-0000-000444400005/resourceGroups/clo-rg/providers/Microsoft.Elastic/monitors/clo-ela-rnrs,auto-scaling,disabled
/subscriptions/00000000-0000-0000-0000-000444400005/resourceGroups/clo-rg/providers/Microsoft.Elastic/monitors/clo-ela-rnrs,rightsizing,optimized
/subscriptions/00000000-0000-0000-0000-000444400005/resourceGroups/clo-rg/providers/Microsoft.Elastic/monitors/clo-ela-rnrs,allow-spot,false
/subscriptions/00000000-0000-0000-0000-000444400005/resourceGroups/clo-rg/providers/Microsoft.Elastic/monitors/clo-ela-rnrs,budget-alert,high
/subscriptions/00000000-0000-0000-0000-000444400005/resourceGroups/clo-rg/providers/Microsoft.Elastic/monitors/clo-ela-rnrs,service-tier,elasticsearch-enterprise
/subscriptions/00000000-0000-0000-0000-000444400005/resourceGroups/clo-rg/providers/Microsoft.Elastic/monitors/clo-ela-rnrs,team,sre
/subscriptions/00000000-0000-0000-0000-000444400005/resourceGroups/clo-rg/providers/Microsoft.Elastic/monitors/clo-ela-rnrs,cost-allocation,direct
/subscriptions/00000000-0000-0000-0000-000444400005/resourceGroups/clo-rg/providers/Microsoft.Elastic/monitors/clo-ela-rnrs,chargeback-entity,Media
/subscriptions/00000000-0000-0000-0000-000444400005/resourceGroups/clo-rg/providers/Microsoft.Elastic/monitors/clo-ela-rnrs,showback-category,production
/subscriptions/00000000-0000-0000-0000-000444400005/resourceGroups/clo-rg/providers/Microsoft.Elastic/monitors/clo-ela-rnrs,name,CloudExpansionMediaServices-ElasticSearch
/subscriptions/00000000-0000-0000-0000-000444400005/resourceGroups/clo-rg/providers/Microsoft.Elastic/monitors/clo-ela-rnrs,project,CloudExpansionMediaServices
/subscriptions/00000000-0000-0000-0000-000444400005/resourceGroups/clo-rg/providers/Microsoft.Elastic/monitors/clo-ela-rnrs,business-unit,Media
/subscriptions/00000000-0000-0000-0000-000444400005/resourceGroups/clo-rg/providers/Microsoft.Elastic/monitors/clo-ela-rnrs,environment,production
/subscriptions/00000000-0000-0000-0000-000444400005/resourceGroups/clo-rg/providers/Microsoft.Elastic/monitors/clo-ela-rnrs,cost-center,Media-3821
/subscriptions/00000000-0000-0000-0000-000444400005/resourceGroups/clo-rg/providers/Microsoft.Elastic/monitors/clo-ela-rnrs,use-case,Enterprise Applications
/subscriptions/00000000-0000-0000-0000-000444400005/resourceGroups/clo-rg/providers/Microsoft.Elastic/monitors/clo-ela-rnrs,data-classification,confidential
/subscriptions/00000000-0000-0000-0000-000444400005/resourceGroups/clo-rg/providers/Microsoft.Elastic/monitors/clo-ela-rnrs,requestor,product-team@example.com
/subscriptions/00000000-0000-0000-0000-000444400005/resourceGroups/clo-rg/providers/Microsoft.Elastic/monitors/clo-ela-rnrs,compliance-gdpr,out-of-scope
/subscriptions/00000000-0000-0000-0000-000444400005/resourceGroups/clo-rg/providers/Microsoft.Elastic/monitors/clo-ela-rnrs,iac,true
/subscriptions/00000000-0000-0000-0000-000444400005/resourceGroups/clo-rg/providers/Microsoft.Elastic/monitors/clo-ela-rnrs,deployment-group,experiment
/subscriptions/00000000-0000-0000-0000-000444400005/resourceGroups/clo-rg/providers/Microsoft.Elastic/monitors/clo-ela-rnrs,scheduled-downtime,nights
/subscriptions/00000000-0000-0000-0000-000444400005/resourceGroups/clo-rg/providers/Microsoft.Elastic/monitors/clo-ela-rnrs,rightsizing,pending-review
/subscriptions/00000000-0000-0000-0000-000444400005/resourceGroups/clo-rg/providers/Microsoft.Elastic/monitors/clo-ela-rnrs,allow-spot,true
/subscriptions/00000000-0000-0000-0000-000444400005/resourceGroups/clo-rg/providers/Microsoft.Elastic/monitors/clo-ela-rnrs,team,infrastructure
/subscriptions/00000000-0000-0000-0000-000444400005/resourceGroups/clo-rg/providers/Microsoft.Elastic/monitors/clo-ela-rnrs,cost-allocation,direct
/subscriptions/00000000-0000-0000-0000-000444400005/resourceGroups/clo-rg/providers/Microsoft.Elastic/monitors/clo-ela-rnrs,chargeback-entity,Media
/subscriptions/00000000-0000-0000-0000-000444400005/resourceGroups/clo-rg/providers/Microsoft.Elastic/monitors/clo-ela-rnrs,showback-category,production
/subscriptions/00000000-0000-0000-0000-000444400005/resourceGroups/clo-rg/providers/Microsoft.Elastic/monitors/clo-ela-rnrs,name,CloudExpansionMediaServices-ElasticSearch
/subscriptions/00000000-0000-0000-0000-000444400005/resourceGroups/clo-rg/providers/Microsoft.Elastic/monitors/clo-ela-rnrs,project,CloudExpansionMediaServices
/subscriptions/00000000-0000-0000-0000-000444400005/resourceGroups/clo-rg/providers/Microsoft.Elastic/monitors/clo-ela-rnrs,business-unit,Media
/subscriptions/00000000-0000-0000-0000-000444400005/resourceGroups/clo-rg/providers/Microsoft.Elastic/monitors/clo-ela-rnrs,environment,production
/subscriptions/00000000-0000-0000-0000-000444400005/resourceGroups/clo-rg/providers/Microsoft.Elastic/monitors/clo-ela-rnrs,cost-center,Media-7673
/subscriptions/00000000-0000-0000-0000-000444400005/resourceGroups/clo-rg/providers/Microsoft.Elastic/monitors/clo-ela-rnrs,use-case,Enterprise Applications
/subscriptions/00000000-0000-0000-0000-000444400005/resourceGroups/clo-rg/providers/Microsoft.Elastic/monitors/clo-ela-rnrs,backup-frequency,none
/subscriptions/00000000-0000-0000-0000-000444400005/resourceGroups/clo-rg/providers/Microsoft.Elastic/monitors/clo-ela-rnrs,auto-shutdown,false
/subscriptions/00000000-0000-0000-0000-000444400005/resourceGroups/clo-rg/providers/Microsoft.Elastic/monitors/clo-ela-rnrs,data-classification,confidential
/subscriptions/00000000-0000-0000-0000-000444400005/resourceGroups/clo-rg/providers/Microsoft.Elastic/monitors/clo-ela-rnrs,compliance-sox,in-scope
/subscriptions/00000000-0000-0000-0000-000444400005/resourceGroups/clo-rg/providers/Microsoft.Elastic/monitors/clo-ela-rnrs,compliance-pci,out-of-scope
/subscriptions/00000000-0000-0000-0000-000444400005/resourceGroups/clo-rg/providers/Microsoft.Elastic/monitors/clo-ela-rnrs,auto-scaling,enabled
/subscriptions/00000000-0000-0000-0000-000444400005/resourceGroups/clo-rg/providers/Microsoft.Elastic/monitors/clo-ela-rnrs,optimization-priority,performance
/subscriptions/00000000-0000-0000-0000-000444400005/resourceGroups/clo-rg/providers/Microsoft.Elastic/monitors/clo-ela-rnrs,budget-alert,low
/subscriptions/00000000-0000-0000-0000-000444400005/resourceGroups/clo-rg/providers/Microsoft.Elastic/monitors/clo-ela-rnrs,allow-spot,false
/subscriptions/00000000-0000-0000-0000-000444400005/resourceGroups/clo-rg/providers/Microsoft.Elastic/monitors/clo-ela-rnrs,team,infrastructure
/subscriptions/00000000-0000-0000-0000-000444400005/resourceGroups/clo-rg/providers/Microsoft.Elastic/monitors/clo-ela-rnrs,cost-allocation,direct
/subscriptions/00000000-0000-0000-0000-000444400005/resourceGroups/clo-rg/providers/Microsoft.Elastic/monitors/clo-ela-rnrs,chargeback-entity,Media
/subscriptions/00000000-0000-0000-0000-000444400005/resourceGroups/clo-rg/providers/Microsoft.Elastic/monitors/clo-ela-rnrs,showback-category,production
/subscriptions/00000000-0000-0000-0000-000444400005/resourceGroups/clo-rg/providers/Microsoft.Web/sites/functions/clo-api-1k36,name,CloudExpansionMediaServices-Functions
/subscriptions/00000000-0000-0000-0000-000444400005/resourceGroups/clo-rg/providers/Microsoft.Web/sites/functions/clo-api-1k36,project,CloudExpansionMediaServices
/subscriptions/00000000-0000-0000-0000-000444400005/resourceGroups/clo-rg/providers/Microsoft.Web/sites/functions/clo-api-1k36,business-unit,Media
/subscriptions/00000000-0000-0000-0000-000444400005/resourceGroups/clo-rg/providers/Microsoft.Web/sites/functions/clo-api-1k36,environment,production
/subscriptions/00000000-0000-0000-0000-000444400005/resourceGroups/clo-rg/providers/Microsoft.Web/sites/functions/clo-api-1k36,cost-center,Media-4436
/subscriptions/00000000-0000-0000-0000-000444400005/resourceGroups/clo-rg/providers/Microsoft.Web/sites/functions/clo-api-1k36,use-case,Enterprise Applications
/subscriptions/00000000-0000-0000-0000-000444400005/resourceGroups/clo-rg/providers/Microsoft.Web/sites/functions/clo-api-1k36,backup-frequency,weekly
/subscriptions/00000000-0000-0000-0000-000444400005/resourceGroups/clo-rg/providers/Microsoft.Web/sites/functions/clo-api-1k36,version,3.0
/subscriptions/00000000-0000-0000-0000-000444400005/resourceGroups/clo-rg/providers/Microsoft.Web/sites/functions/clo-api-1k36,auto-shutdown,weekends
/subscriptions/00000000-0000-0000-0000-000444400005/resourceGroups/clo-rg/providers/Microsoft.Web/sites/functions/clo-api-1k36,department,it
/subscriptions/00000000-0000-0000-0000-000444400005/resourceGroups/clo-rg/providers/Microsoft.Web/sites/functions/clo-api-1k36,compliance-pci,in-scope
/subscriptions/00000000-0000-0000-0000-000444400005/resourceGroups/clo-rg/providers/Microsoft.Web/sites/functions/clo-api-1k36,compliance-hipaa,not-required
/subscriptions/00000000-0000-0000-0000-000444400005/resourceGroups/clo-rg/providers/Microsoft.Web/sites/functions/clo-api-1k36,compliance-status,compliant
/subscriptions/00000000-0000-0000-0000-000444400005/resourceGroups/clo-rg/providers/Microsoft.Web/sites/functions/clo-api-1k36,created-by,bicep
/subscriptions/00000000-0000-0000-0000-000444400005/resourceGroups/clo-rg/providers/Microsoft.Web/sites/functions/clo-api-1k36,budget-alert,medium
/subscriptions/00000000-0000-0000-0000-000444400005/resourceGroups/clo-rg/providers/Microsoft.Web/sites/functions/clo-api-1k36,allow-spot,true
/subscriptions/00000000-0000-0000-0000-000444400005/resourceGroups/clo-rg/providers/Microsoft.Web/sites/functions/clo-api-1k36,optimization-priority,availability
/subscriptions/00000000-0000-0000-0000-000444400005/resourceGroups/clo-rg/providers/Microsoft.Web/sites/functions/clo-api-1k36,plan-type,dedicated
/subscriptions/00000000-0000-0000-0000-000444400005/resourceGroups/clo-rg/providers/Microsoft.Web/sites/functions/clo-api-1k36,service-tier,functions-basic
/subscriptions/00000000-0000-0000-0000-000444400005/resourceGroups/clo-rg/providers/Microsoft.Web/sites/functions/clo-api-1k36,team,sre
/subscriptions/00000000-0000-0000-0000-000444400005/resourceGroups/clo-rg/providers/Microsoft.Web/sites/functions/clo-api-1k36,cost-allocation,direct
/subscriptions/00000000-0000-0000-0000-000444400005/resourceGroups/clo-rg/providers/Microsoft.Web/sites/functions/clo-api-1k36,chargeback-entity,Media
/subscriptions/00000000-0000-0000-0000-000444400005/resourceGroups/clo-rg/providers/Microsoft.Web/sites/functions/clo-api-1k36,showback-category,production
/subscriptions/00000000-0000-0000-0000-000444400005/resourceGroups/clo-rg/providers/Microsoft.Web/sites/functions/clo-schedule-1k36,name,CloudExpansionMediaServices-Functions
/subscriptions/00000000-0000-0000-0000-000444400005/resourceGroups/clo-rg/providers/Microsoft.Web/sites/functions/clo-schedule-1k36,project,CloudExpansionMediaServices
/subscriptions/00000000-0000-0000-0000-000444400005/resourceGroups/clo-rg/providers/Microsoft.Web/sites/functions/clo-schedule-1k36,business-unit,Media
/subscriptions/00000000-0000-0000-0000-000444400005/resourceGroups/clo-rg/providers/Microsoft.Web/sites/functions/clo-schedule-1k36,environment,production
/subscriptions/00000000-0000-0000-0000-000444400005/resourceGroups/clo-rg/providers/Microsoft.Web/sites/functions/clo-schedule-1k36,cost-center,Media-4598
/subscriptions/00000000-0000-0000-0000-000444400005/resourceGroups/clo-rg/providers/Microsoft.Web/sites/functions/clo-schedule-1k36,use-case,Enterprise Applications
/subscriptions/00000000-0000-0000-0000-000444400005/resourceGroups/clo-rg/providers/Microsoft.Web/sites/functions/clo-schedule-1k36,compliance-hipaa,required
/subscriptions/00000000-0000-0000-0000-000444400005/resourceGroups/clo-rg/providers/Microsoft.Web/sites/functions/clo-schedule-1k36,iac,false
/subscriptions/00000000-0000-0000-0000-000444400005/resourceGroups/clo-rg/providers/Microsoft.Web/sites/functions/clo-schedule-1k36,auto-scaling,enabled
/subscriptions/00000000-0000-0000-0000-000444400005/resourceGroups/clo-rg/providers/Microsoft.Web/sites/functions/clo-schedule-1k36,rightsizing,pending-review
/subscriptions/00000000-0000-0000-0000-000444400005/resourceGroups/clo-rg/providers/Microsoft.Web/sites/functions/clo-schedule-1k36,runtime,node14
/subscriptions/00000000-0000-0000-0000-000444400005/resourceGroups/clo-rg/providers/Microsoft.Web/sites/functions/clo-schedule-1k36,timeout,5
/subscriptions/00000000-0000-0000-0000-000444400005/resourceGroups/clo-rg/providers/Microsoft.Web/sites/functions/clo-schedule-1k36,trigger-type,blob
/subscriptions/00000000-0000-0000-0000-000444400005/resourceGroups/clo-rg/providers/Microsoft.Web/sites/functions/clo-schedule-1k36,plan-type,premium
/subscriptions/00000000-0000-0000-0000-000444400005/resourceGroups/clo-rg/providers/Microsoft.Web/sites/functions/clo-schedule-1k36,service-tier,functions-basic
/subscriptions/00000000-0000-0000-0000-000444400005/resourceGroups/clo-rg/providers/Microsoft.Web/sites/functions/clo-schedule-1k36,team,security
/subscriptions/00000000-0000-0000-0000-000444400005/resourceGroups/clo-rg/providers/Microsoft.Web/sites/functions/clo-schedule-1k36,cost-allocation,direct
/subscriptions/00000000-0000-0000-0000-000444400005/resourceGroups/clo-rg/providers/Microsoft.Web/sites/functions/clo-schedule-1k36,chargeback-entity,Media
/subscriptions/00000000-0000-0000-0000-000444400005/resourceGroups/clo-rg/providers/Microsoft.Web/sites/functions/clo-schedule-1k36,showback-category,production
/subscriptions/00000000-0000-0000-0000-000444400005/resourceGroups/clo-rg/providers/Microsoft.Web/sites/functions/clo-api-1k36,name,CloudExpansionMediaServices-Functions
/subscriptions/00000000-0000-0000-0000-000444400005/resourceGroups/clo-rg/providers/Microsoft.Web/sites/functions/clo-api-1k36,project,CloudExpansionMediaServices
/subscriptions/00000000-0000-0000-0000-000444400005/resourceGroups/clo-rg/providers/Microsoft.Web/sites/functions/clo-api-1k36,business-unit,Media
/subscriptions/00000000-0000-0000-0000-000444400005/resourceGroups/clo-rg/providers/Microsoft.Web/sites/functions/clo-api-1k36,environment,production
/subscriptions/00000000-0000-0000-0000-000444400005/resourceGroups/clo-rg/providers/Microsoft.Web/sites/functions/clo-api-1k36,cost-center,Media-3076
/subscriptions/00000000-0000-0000-0000-000444400005/resourceGroups/clo-rg/providers/Microsoft.Web/sites/functions/clo-api-1k36,use-case,Enterprise Applications
/subscriptions/00000000-0000-0000-0000-000444400005/resourceGroups/clo-rg/providers/Microsoft.Web/sites/functions/clo-api-1k36,data-classification,confidential
/subscriptions/00000000-0000-0000-0000-000444400005/resourceGroups/clo-rg/providers/Microsoft.Web/sites/functions/clo-api-1k36,requestor,john.doe@example.com
/subscriptions/00000000-0000-0000-0000-000444400005/resourceGroups/clo-rg/providers/Microsoft.Web/sites/functions/clo-api-1k36,compliance-hipaa,not-required
/subscriptions/00000000-0000-0000-0000-000444400005/resourceGroups/clo-rg/providers/Microsoft.Web/sites/functions/clo-api-1k36,security-level,high
/subscriptions/00000000-0000-0000-0000-000444400005/resourceGroups/clo-rg/providers/Microsoft.Web/sites/functions/clo-api-1k36,auto-scaling,disabled
/subscriptions/00000000-0000-0000-0000-000444400005/resourceGroups/clo-rg/providers/Microsoft.Web/sites/functions/clo-api-1k36,allow-spot,true
/subscriptions/00000000-0000-0000-0000-000444400005/resourceGroups/clo-rg/providers/Microsoft.Web/sites/functions/clo-api-1k36,scheduled-downtime,custom
/subscriptions/00000000-0000-0000-0000-000444400005/resourceGroups/clo-rg/providers/Microsoft.Web/sites/functions/clo-api-1k36,rightsizing,optimized
/subscriptions/00000000-0000-0000-0000-000444400005/resourceGroups/clo-rg/providers/Microsoft.Web/sites/functions/clo-api-1k36,runtime,java11
/subscriptions/00000000-0000-0000-0000-000444400005/resourceGroups/clo-rg/providers/Microsoft.Web/sites/functions/clo-api-1k36,plan-type,consumption
/subscriptions/00000000-0000-0000-0000-000444400005/resourceGroups/clo-rg/providers/Microsoft.Web/sites/functions/clo-api-1k36,trigger-type,timer
/subscriptions/00000000-0000-0000-0000-000444400005/resourceGroups/clo-rg/providers/Microsoft.Web/sites/functions/clo-api-1k36,timeout,30
/subscriptions/00000000-0000-0000-0000-000444400005/resourceGroups/clo-rg/providers/Microsoft.Web/sites/functions/clo-api-1k36,service-tier,functions-premium
/subscriptions/00000000-0000-0000-0000-000444400005/resourceGroups/clo-rg/providers/Microsoft.Web/sites/functions/clo-api-1k36,cost-allocation,direct
/subscriptions/00000000-0000-0000-0000-000444400005/resourceGroups/clo-rg/providers/Microsoft.Web/sites/functions/clo-api-1k36,chargeback-entity,Media
/subscriptions/00000000-0000-0000-0000-000444400005/resourceGroups/clo-rg/providers/Microsoft.Web/sites/functions/clo-api-1k36,showback-category,production
